Name,Age
Person_1,22
Person_2,26
Person_3,25
Person_4,59
Person_5,41
Person_6,29
Person_7,38
Person_8,27
Person_9,50
Person_10,27
Person_11,47
Person_12,50
Person_13,47
Person_14,29
Person_15,26
Person_16,33
Person_17,47
Person_18,59
Person_19,42
Person_20,45
Person_21,37
Person_22,26
Person_23,47
Person_24,46
Person_25,55
Person_26,40
Person_27,54
Person_28,35
Person_29,48
Person_30,54
Person_31,43
Person_32,20
Person_33,32
Person_34,58
Person_35,48
Person_36,27
Person_37,23
Person_38,23
Person_39,57
Person_40,32
Person_41,28
Person_42,44
Person_43,45
Person_44,55
Person_45,25
Person_46,27
Person_47,28
Person_48,46
Person_49,26
Person_50,34
Person_51,21
Person_52,38
Person_53,48
Person_54,20
Person_55,38
Person_56,36
Person_57,20
Person_58,35
Person_59,26
Person_60,38
Person_61,51
Person_62,41
Person_63,54
Person_64,51
Person_65,55
Person_66,46
Person_67,54
Person_68,43
Person_69,25
Person_70,41
Person_71,49
Person_72,27
Person_73,45
Person_74,29
Person_75,31
Person_76,24
Person_77,28
Person_78,30
Person_79,53
Person_80,48
Person_81,28
Person_82,29
Person_83,59
Person_84,35
Person_85,23
Person_86,24
Person_87,41
Person_88,22
Person_89,25
Person_90,26
Person_91,40
Person_92,38
Person_93,36
Person_94,44
Person_95,44
Person_96,41
Person_97,55
Person_98,40
Person_99,54
Person_100,49
Person_101,25
Person_102,20
Person_103,37
Person_104,56
Person_105,26
Person_106,43
Person_107,58
Person_108,22
Person_109,40
Person_110,28
Person_111,47
Person_112,27
Person_113,36
Person_114,49
Person_115,37
Person_116,28
Person_117,58
Person_118,50
Person_119,35
Person_120,31
Person_121,44
Person_122,37
Person_123,49
Person_124,44
Person_125,57
Person_126,19
Person_127,18
Person_128,57
Person_129,28
Person_130,48
Person_131,52
Person_132,32
Person_133,28
Person_134,60
Person_135,48
Person_136,50
Person_137,54
Person_138,36
Person_139,58
Person_140,41
Person_141,23
Person_142,19
Person_143,42
Person_144,58
Person_145,48
Person_146,40
Person_147,59
Person_148,57
Person_149,49
Person_150,55
Person_151,39
Person_152,53
Person_153,57
Person_154,51
Person_155,49
Person_156,19
Person_157,39
Person_158,35
Person_159,18
Person_160,45
Person_161,42
Person_162,42
Person_163,26
Person_164,21
Person_165,38
Person_166,23
Person_167,35
Person_168,51
Person_169,21
Person_170,23
Person_171,37
Person_172,44
Person_173,50
Person_174,31
Person_175,46
Person_176,54
Person_177,19
Person_178,32
Person_179,34
Person_180,51
Person_181,47
Person_182,26
Person_183,52
Person_184,32
Person_185,35
Person_186,58
Person_187,47
Person_188,28
Person_189,25
Person_190,53
Person_191,52
Person_192,26
Person_193,49
Person_194,18
Person_195,38
Person_196,34
Person_197,44
Person_198,59
Person_199,44
Person_200,53
Person_201,25
Person_202,56
Person_203,30
Person_204,58
Person_205,46
Person_206,54
Person_207,54
Person_208,41
Person_209,33
Person_210,41
Person_211,29
Person_212,39
Person_213,53
Person_214,20
Person_215,54
Person_216,51
Person_217,34
Person_218,24
Person_219,29
Person_220,34
Person_221,33
Person_222,43
Person_223,34
Person_224,49
Person_225,36
Person_226,23
Person_227,43
Person_228,29
Person_229,51
Person_230,28
Person_231,37
Person_232,24
Person_233,32
Person_234,33
Person_235,54
Person_236,29
Person_237,31
Person_238,55
Person_239,36
Person_240,55
Person_241,34
Person_242,20
Person_243,31
Person_244,43
Person_245,53
Person_246,47
Person_247,26
Person_248,35
Person_249,52
Person_250,38
Person_251,41
Person_252,54
Person_253,41
Person_254,18
Person_255,44
Person_256,40
Person_257,34
Person_258,50
Person_259,27
Person_260,30
Person_261,39
Person_262,44
Person_263,23
Person_264,42
Person_265,32
Person_266,32
Person_267,59
Person_268,41
Person_269,52
Person_270,51
Person_271,48
Person_272,34
Person_273,18
Person_274,23
Person_275,59
Person_276,49
Person_277,52
Person_278,55
Person_279,28
Person_280,22
Person_281,46
Person_282,45
Person_283,35
Person_284,58
Person_285,25
Person_286,38
Person_287,39
Person_288,21
Person_289,40
Person_290,53
Person_291,23
Person_292,33
Person_293,60
Person_294,58
Person_295,19
Person_296,51
Person_297,42
Person_298,31
Person_299,54
Person_300,59
Person_301,37
Person_302,50
Person_303,23
Person_304,36
Person_305,23
Person_306,60
Person_307,56
Person_308,43
Person_309,40
Person_310,44
Person_311,39
Person_312,28
Person_313,41
Person_314,50
Person_315,23
Person_316,21
Person_317,36
Person_318,42
Person_319,60
Person_320,37
Person_321,19
Person_322,56
Person_323,40
Person_324,42
Person_325,19
Person_326,53
Person_327,59
Person_328,58
Person_329,44
Person_330,19
Person_331,43
Person_332,24
Person_333,38
Person_334,29
Person_335,29
Person_336,46
Person_337,50
Person_338,29
Person_339,53
Person_340,20
Person_341,24
Person_342,23
Person_343,18
Person_344,30
Person_345,47
Person_346,53
Person_347,28
Person_348,19
Person_349,25
Person_350,23
Person_351,48
Person_352,59
Person_353,20
Person_354,51
Person_355,20
Person_356,50
Person_357,23
Person_358,44
Person_359,52
Person_360,60
Person_361,51
Person_362,58
Person_363,24
Person_364,18
Person_365,44
Person_366,19
Person_367,54
Person_368,32
Person_369,22
Person_370,27
Person_371,50
Person_372,40
Person_373,21
Person_374,52
Person_375,40
Person_376,23
Person_377,24
Person_378,58
Person_379,50
Person_380,43
Person_381,60
Person_382,28
Person_383,47
Person_384,53
Person_385,31
Person_386,35
Person_387,30
Person_388,18
Person_389,30
Person_390,18
Person_391,59
Person_392,36
Person_393,41
Person_394,25
Person_395,22
Person_396,29
Person_397,57
Person_398,58
Person_399,21
Person_400,36
Person_401,21
Person_402,24
Person_403,19
Person_404,21
Person_405,36
Person_406,22
Person_407,54
Person_408,53
Person_409,33
Person_410,38
Person_411,44
Person_412,33
Person_413,28
Person_414,43
Person_415,39
Person_416,32
Person_417,49
Person_418,28
Person_419,57
Person_420,50
Person_421,33
Person_422,33
Person_423,59
Person_424,25
Person_425,39
Person_426,43
Person_427,35
Person_428,25
Person_429,23
Person_430,44
Person_431,49
Person_432,26
Person_433,38
Person_434,38
Person_435,59
Person_436,59
Person_437,32
Person_438,35
Person_439,42
Person_440,36
Person_441,31
Person_442,41
Person_443,27
Person_444,27
Person_445,27
Person_446,35
Person_447,31
Person_448,39
Person_449,21
Person_450,41
Person_451,22
Person_452,60
Person_453,46
Person_454,58
Person_455,59
Person_456,50
Person_457,34
Person_458,32
Person_459,32
Person_460,34
Person_461,27
Person_462,51
Person_463,45
Person_464,60
Person_465,37
Person_466,28
Person_467,39
Person_468,51
Person_469,50
Person_470,27
Person_471,27
Person_472,58
Person_473,58
Person_474,55
Person_475,47
Person_476,59
Person_477,21
Person_478,23
Person_479,19
Person_480,41
Person_481,56
Person_482,55
Person_483,55
Person_484,50
Person_485,22
Person_486,50
Person_487,22
Person_488,48
Person_489,46
Person_490,59
Person_491,42
Person_492,24
Person_493,29
Person_494,30
Person_495,54
Person_496,32
Person_497,47
Person_498,37
Person_499,58
Person_500,25
Person_501,34
Person_502,40
Person_503,43
Person_504,18
Person_505,44
Person_506,49
Person_507,60
Person_508,20
Person_509,35
Person_510,57
Person_511,42
Person_512,60
Person_513,20
Person_514,21
Person_515,36
Person_516,50
Person_517,51
Person_518,36
Person_519,42
Person_520,55
Person_521,24
Person_522,18
Person_523,25
Person_524,28
Person_525,27
Person_526,47
Person_527,58
Person_528,51
Person_529,36
Person_530,56
Person_531,55
Person_532,58
Person_533,26
Person_534,31
Person_535,49
Person_536,36
Person_537,28
Person_538,40
Person_539,54
Person_540,53
Person_541,21
Person_542,39
Person_543,60
Person_544,40
Person_545,28
Person_546,23
Person_547,55
Person_548,58
Person_549,60
Person_550,25
Person_551,44
Person_552,52
Person_553,55
Person_554,18
Person_555,56
Person_556,53
Person_557,38
Person_558,55
Person_559,48
Person_560,44
Person_561,50
Person_562,37
Person_563,32
Person_564,31
Person_565,36
Person_566,55
Person_567,45
Person_568,39
Person_569,52
Person_570,48
Person_571,46
Person_572,27
Person_573,25
Person_574,26
Person_575,35
Person_576,57
Person_577,59
Person_578,56
Person_579,24
Person_580,27
Person_581,37
Person_582,21
Person_583,31
Person_584,23
Person_585,37
Person_586,36
Person_587,28
Person_588,26
Person_589,56
Person_590,31
Person_591,53
Person_592,23
Person_593,26
Person_594,25
Person_595,35
Person_596,37
Person_597,50
Person_598,27
Person_599,49
Person_600,60
Person_601,43
Person_602,45
Person_603,27
Person_604,50
Person_605,37
Person_606,31
Person_607,55
Person_608,52
Person_609,23
Person_610,46
Person_611,33
Person_612,55
Person_613,32
Person_614,51
Person_615,21
Person_616,36
Person_617,20
Person_618,21
Person_619,27
Person_620,54
Person_621,57
Person_622,42
Person_623,30
Person_624,26
Person_625,23
Person_626,46
Person_627,30
Person_628,52
Person_629,45
Person_630,45
Person_631,21
Person_632,60
Person_633,26
Person_634,51
Person_635,60
Person_636,29
Person_637,24
Person_638,21
Person_639,43
Person_640,22
Person_641,32
Person_642,26
Person_643,40
Person_644,34
Person_645,18
Person_646,34
Person_647,41
Person_648,59
Person_649,55
Person_650,55
Person_651,19
Person_652,51
Person_653,46
Person_654,50
Person_655,29
Person_656,30
Person_657,39
Person_658,39
Person_659,42
Person_660,31
Person_661,34
Person_662,28
Person_663,48
Person_664,60
Person_665,50
Person_666,20
Person_667,48
Person_668,54
Person_669,24
Person_670,21
Person_671,27
Person_672,54
Person_673,36
Person_674,24
Person_675,54
Person_676,60
Person_677,55
Person_678,24
Person_679,22
Person_680,41
Person_681,35
Person_682,45
Person_683,37
Person_684,53
Person_685,52
Person_686,52
Person_687,59
Person_688,31
Person_689,31
Person_690,33
Person_691,31
Person_692,29
Person_693,18
Person_694,60
Person_695,30
Person_696,50
Person_697,38
Person_698,36
Person_699,48
Person_700,57
Person_701,26
Person_702,54
Person_703,24
Person_704,41
Person_705,43
Person_706,58
Person_707,41
Person_708,29
Person_709,40
Person_710,24
Person_711,37
Person_712,22
Person_713,18
Person_714,60
Person_715,35
Person_716,19
Person_717,39
Person_718,44
Person_719,48
Person_720,48
Person_721,18
Person_722,55
Person_723,45
Person_724,57
Person_725,39
Person_726,35
Person_727,21
Person_728,59
Person_729,50
Person_730,48
Person_731,59
Person_732,37
Person_733,35
Person_734,26
Person_735,27
Person_736,37
Person_737,18
Person_738,35
Person_739,25
Person_740,33
Person_741,54
Person_742,53
Person_743,54
Person_744,44
Person_745,43
Person_746,47
Person_747,21
Person_748,18
Person_749,59
Person_750,26
Person_751,44
Person_752,59
Person_753,40
Person_754,60
Person_755,24
Person_756,48
Person_757,57
Person_758,28
Person_759,22
Person_760,48
Person_761,53
Person_762,36
Person_763,49
Person_764,23
Person_765,47
Person_766,52
Person_767,58
Person_768,49
Person_769,59
Person_770,40
Person_771,43
Person_772,51
Person_773,39
Person_774,51
Person_775,52
Person_776,53
Person_777,59
Person_778,24
Person_779,59
Person_780,31
Person_781,28
Person_782,59
Person_783,50
Person_784,25
Person_785,53
Person_786,50
Person_787,35
Person_788,51
Person_789,27
Person_790,39
Person_791,33
Person_792,39
Person_793,41
Person_794,23
Person_795,45
Person_796,27
Person_797,22
Person_798,55
Person_799,58
Person_800,59
Person_801,54
Person_802,53
Person_803,49
Person_804,40
Person_805,37
Person_806,45
Person_807,18
Person_808,31
Person_809,31
Person_810,44
Person_811,41
Person_812,23
Person_813,43
Person_814,52
Person_815,52
Person_816,43
Person_817,23
Person_818,58
Person_819,46
Person_820,57
Person_821,49
Person_822,36
Person_823,40
Person_824,55
Person_825,24
Person_826,43
Person_827,29
Person_828,43
Person_829,38
Person_830,22
Person_831,43
Person_832,36
Person_833,56
Person_834,35
Person_835,53
Person_836,60
Person_837,59
Person_838,34
Person_839,51
Person_840,21
Person_841,34
Person_842,29
Person_843,31
Person_844,28
Person_845,24
Person_846,40
Person_847,47
Person_848,29
Person_849,25
Person_850,25
Person_851,36
Person_852,40
Person_853,41
Person_854,36
Person_855,47
Person_856,40
Person_857,49
Person_858,37
Person_859,44
Person_860,21
Person_861,26
Person_862,39
Person_863,41
Person_864,23
Person_865,44
Person_866,51
Person_867,33
Person_868,28
Person_869,37
Person_870,42
Person_871,49
Person_872,55
Person_873,45
Person_874,20
Person_875,45
Person_876,47
Person_877,24
Person_878,43
Person_879,43
Person_880,39
Person_881,26
Person_882,19
Person_883,49
Person_884,52
Person_885,49
Person_886,45
Person_887,42
Person_888,34
Person_889,48
Person_890,18
Person_891,34
Person_892,35
Person_893,53
Person_894,60
Person_895,47
Person_896,52
Person_897,56
Person_898,28
Person_899,28
Person_900,60
Person_901,24
Person_902,54
Person_903,51
Person_904,41
Person_905,39
Person_906,48
Person_907,42
Person_908,25
Person_909,35
Person_910,35
Person_911,28
Person_912,49
Person_913,22
Person_914,46
Person_915,38
Person_916,41
Person_917,21
Person_918,52
Person_919,31
Person_920,33
Person_921,52
Person_922,35
Person_923,53
Person_924,28
Person_925,50
Person_926,19
Person_927,38
Person_928,32
Person_929,59
Person_930,54
Person_931,41
Person_932,46
Person_933,27
Person_934,32
Person_935,47
Person_936,33
Person_937,49
Person_938,28
Person_939,36
Person_940,34
Person_941,59
Person_942,45
Person_943,31
Person_944,56
Person_945,40
Person_946,59
Person_947,32
Person_948,19
Person_949,55
Person_950,59
Person_951,56
Person_952,51
Person_953,47
Person_954,39
Person_955,42
Person_956,28
Person_957,27
Person_958,18
Person_959,33
Person_960,32
Person_961,46
Person_962,34
Person_963,53
Person_964,56
Person_965,52
Person_966,32
Person_967,53
Person_968,35
Person_969,54
Person_970,30
Person_971,60
Person_972,26
Person_973,55
Person_974,59
Person_975,41
Person_976,38
Person_977,46
Person_978,18
Person_979,41
Person_980,23
Person_981,57
Person_982,60
Person_983,31
Person_984,24
Person_985,19
Person_986,19
Person_987,22
Person_988,28
Person_989,47
Person_990,29
Person_991,31
Person_992,19
Person_993,40
Person_994,31
Person_995,30
Person_996,27
Person_997,50
Person_998,18
Person_999,60
Person_1000,27
